credit_limit,credit_score,current_age,current_balance,current_income,education,num_dependants,number_of_cards
24213.166867311378,586,29,65013.99865383681,178346.23298433746,Bachelor,5,3
90019.57612171741,657,20,81119.00257852525,82768.67354147762,Bachelor,1,8
15034.800852962171,794,63,4930.236954985845,53116.972602855036,Bachelor,5,8
63795.7377152276,464,22,94318.96903697243,60728.94645808487,Master,2,5
4091.573434950386,760,38,11160.877400177538,33472.81448011185,High School,2,9
84496.43940462524,559,25,48478.523323930924,178098.10625386177,High School,3,7
82298.93777220488,316,59,15132.905561221844,129217.73163601692,Master,0,10
3845.5689038957444,835,32,64778.082653977195,157431.4572496346,Some College,4,1
3099.1828654494298,677,21,21895.008978715003,76414.70502882048,Master,0,6
14110.460881066268,658,33,56270.348913554924,23547.215640311944,Master,3,4
58738.58608535516,787,20,73352.58336603733,122314.6686660049,PhD,0,4
18991.3055949594,658,71,51086.785518077646,20415.984137373616,Bachelor,1,5
86473.72974394514,577,47,10702.804513643727,86035.05515234996,PhD,4,10
94322.78894829427,460,36,1686.8754068449566,96480.93357966379,PhD,2,9
56741.94231799236,409,32,9324.582321114794,93467.16900646716,Bachelor,0,2
82353.5276087457,653,46,95336.92925449506,185534.91906279096,Master,4,2
81391.67907377773,640,33,87193.75391296804,46503.839137939096,Bachelor,1,6
81102.36901208234,511,42,17044.24454349498,170449.886003265,High School,4,7
10429.376359532216,723,77,53505.33990120968,71101.26470417764,Some College,2,7
3896.3166975635722,776,64,26043.39598631401,156752.73006580208,High School,4,7
83244.45199963465,815,77,24154.89107886518,26528.493648700016,High School,0,5
84861.94914839497,695,68,45728.13707581122,161171.93782866054,PhD,4,6
43255.04317340761,439,21,96107.83891626156,76397.10028299845,Master,4,6
68704.90246826583,317,46,35469.92132472258,21506.17873307012,Some College,1,10
61733.38259879905,785,34,97277.26916872548,89358.17100291653,High School,4,7
57614.864850161786,494,53,54367.42784081781,144360.73228748527,Some College,2,1
95548.4121040179,792,51,89791.81205458764,27040.89623495441,Bachelor,1,5
4759.754861465995,813,56,49090.076895502076,61143.17012737514,Master,0,8
57880.01209060725,738,35,51255.68546372538,31063.264924112664,High School,1,5
82727.860195374,534,68,11016.18400040727,94854.64421233053,High School,4,10
72946.78750038215,822,37,23748.27747174819,25541.13457304362,PhD,1,5
68874.85030458531,736,43,55103.28892034776,140956.63233526255,High School,2,6
52915.399969826976,648,60,21041.60266695827,78358.76062704503,PhD,2,10
2193.8628775211228,672,67,46846.83374878482,56160.410988589785,Bachelor,0,3
63679.60620836145,411,39,47600.52366881026,147241.3778592748,Master,0,4
64973.71148592082,402,72,14779.983203580172,150320.13036621187,Master,3,7
82126.67246979923,423,24,10806.069288053344,189999.06528871026,Bachelor,0,7
49310.39451532516,467,50,35256.017449593724,110635.51714635674,High School,0,4
61282.13346571488,356,39,51686.19050497855,85864.3227563004,Master,3,2
44668.944377552376,762,65,86351.08495103325,145574.47010969173,PhD,4,9
19247.373110897268,619,39,53921.8309915881,102333.3940023437,Bachelor,2,6
51435.59742089154,506,71,30369.29020521565,63345.726983863475,Master,1,1
74879.18481450877,605,21,65648.45098380798,169790.983160859,PhD,1,8
61357.95952997453,605,59,84652.35631858544,198527.64761282512,Some College,2,7
88828.73199548958,304,33,53643.56131208233,65987.62546426221,PhD,3,3
72134.33312017546,809,79,52209.79237881914,174359.1239109989,Bachelor,2,1
50880.77610490585,597,28,7498.947272616619,71888.28761418583,Bachelor,3,8
16080.266476536372,846,59,57244.202631157794,184965.83884593393,Bachelor,3,3
74362.4441992957,692,65,55810.145415264065,174605.19900300726,Master,0,6
19071.217171166754,821,66,86020.25286483581,187853.88147453687,PhD,1,3
78906.3666399243,428,29,64996.29100453506,40546.26762506965,PhD,0,2
84077.7539521061,478,42,64873.46004413636,103475.66969236814,Master,0,8
61003.031544212936,771,72,19664.951096470395,190895.78921402164,Master,2,9
80131.7362341973,774,78,82256.89897487327,163614.78051526455,Bachelor,1,1
40196.86865350557,436,19,31480.588170062372,45950.773009518336,High School,3,3
35743.979596977086,344,74,58136.009628070395,50836.67705310261,PhD,1,1
65931.13533069254,726,22,91632.0493469203,89128.87292044373,High School,0,9
11899.677945653224,574,69,68277.6029705011,151111.75469441703,Master,3,2
6696.146829889558,459,47,19020.5654138055,146186.2384957997,High School,4,7
25212.04460864333,688,39,52366.970876023275,98425.79022990706,Bachelor,3,10
26530.062614134655,328,40,75158.93357525716,144863.01157552208,PhD,1,9
42688.14958488932,418,23,61115.76162118202,30948.843842802176,PhD,1,4
29398.604860302934,810,38,57708.66622569819,119966.83509892906,Master,0,7
29859.200332806104,547,53,13231.050924030575,162698.9707746041,PhD,1,6
17911.498472267867,845,19,25372.414817901325,81473.05843464087,PhD,0,9
36725.44234361167,344,58,80071.37133899692,96619.63384985494,Master,4,6
18169.199753042172,607,69,98804.8740626234,65440.18254776769,Some College,1,2
15395.071534261424,527,41,84991.33849806349,101014.77730641588,Master,3,2
46198.555748997824,718,24,54284.73274380958,110123.34196009507,Bachelor,5,9
10712.940819379995,587,50,84795.53406468044,166605.85644001688,PhD,1,10
14678.24344921091,743,29,87395.26235739749,145775.50571737392,High School,5,3
98669.04981016695,441,77,12216.8227337218,183473.0992261216,Master,4,6
79529.54368048589,782,58,63710.58158525843,55305.55021595737,Bachelor,4,4
78479.023962916,848,29,94410.43931848208,48937.61678788485,Bachelor,2,1
4602.101315042072,347,51,20854.67518651426,189279.4168588587,PhD,4,8
87604.26118241948,422,25,78034.71880524242,22840.172101458025,PhD,3,4
15071.669116040164,496,51,97598.43244957294,180129.87278602723,Bachelor,3,3
98937.15697907771,667,28,38295.080564828175,144111.88245284808,PhD,3,8
51625.311090058,652,31,54849.774973259955,140272.2551435416,Some College,4,6
11680.527198197502,609,73,24105.816021981464,188704.26957181608,High School,5,1
9271.301408211799,797,69,7187.73733461533,46672.64982922978,Bachelor,4,8
60531.707293874744,333,38,88349.64847290372,168256.11674919032,Bachelor,5,4
39217.61794716014,696,38,88782.2389353144,41742.28586102938,Bachelor,1,10
82160.89488704444,473,61,92356.43137191328,106031.32777182624,Bachelor,4,1
72210.83361101226,532,63,30994.423947681327,43462.374668011464,Master,4,1
61370.16849591303,692,61,35733.32939682414,199909.85657784832,Bachelor,4,8
60347.908760075756,342,36,3439.7633808416763,106043.04431261042,Some College,2,6
72685.67117594148,542,28,65978.78831503207,198984.26323001288,PhD,4,6
48658.26550214941,849,73,75489.13292106907,141742.6255846583,Master,5,4
12354.20727548702,677,19,16962.669337872805,20959.531766294327,Some College,3,10
90145.89729500613,813,73,38222.68367475768,137868.12667707895,PhD,0,10
32326.701145904255,420,50,97361.1781430348,63137.761851632386,Master,1,9
99133.94836614523,551,73,65412.015613654774,142850.22796413646,High School,2,5
7064.000689328189,572,58,20238.455510117426,38972.49783488391,Bachelor,5,9
20100.144521785693,639,55,68455.56949120743,122281.61907683001,PhD,5,4
18867.939338133663,347,74,54058.91351237607,143267.64014886465,Some College,3,3
39465.060458394815,499,77,82932.11933877069,184843.470750771,Bachelor,3,2
24016.7151249067,551,19,85297.11226360512,131314.5758636763,Master,5,1
37478.96765359544,334,19,51778.74713468367,42873.99965167784,Some College,1,8
50031.42687930152,756,49,13045.369276249841,73745.82724266444,Bachelor,0,2
25051.596245692668,332,24,1772.5262729252345,82221.79934901325,Some College,4,8
52109.25535671453,693,65,33850.62656072664,82351.70217799113,High School,1,2
35749.844027599844,572,39,40661.72880046473,100144.58383407055,Master,0,1
54999.98104123551,736,39,95335.28679921388,22240.53109261743,Bachelor,4,10
86840.82525596318,565,40,91557.3797723921,27386.888825428585,Some College,2,3
19957.14432372322,787,21,18376.436995433785,50552.57045009759,High School,0,7
36254.185631917346,459,22,44561.073199787046,26488.662986532352,Bachelor,5,9
70522.07234180675,510,65,26057.356501984184,49841.087672633024,High School,4,4
89232.67059949237,748,79,58642.964822483926,21262.390818339805,Some College,0,7
78422.77313599105,725,21,88613.28624390274,154855.6456946648,Some College,3,3
8186.725380537804,462,54,16767.47498843244,144267.37072046078,Bachelor,2,1
41209.853978776075,434,34,71617.44049579109,138477.6546332285,Some College,5,5
89258.23584318845,604,65,59032.25497315956,51658.131404899366,High School,5,7
36000.522683074545,411,57,65060.72633877724,24261.064911109766,High School,0,5
10888.966518466737,503,63,54559.64912631053,193416.43879499464,High School,5,4
38889.69053162929,588,33,13929.969728889047,38895.215026469894,PhD,5,10
17001.879765798923,794,62,49450.184942119624,103314.36242508353,Master,2,6
84542.81707920987,840,51,47055.503465317575,100150.06778542172,Master,5,4
5708.499758442356,460,45,19318.00144996494,140546.76353527105,Some College,2,1
43242.299696012466,418,32,77218.2104704337,66655.4992480285,PhD,1,2
64357.5678141064,441,53,24347.21669894535,84739.09788647902,Some College,5,8
79258.70161255416,688,68,57064.88635681845,154383.2407879553,Master,4,4
93763.87466347929,691,49,24189.56869150617,91224.0824524326,High School,0,9
9346.544479264845,470,26,3651.3051414332363,51069.92349323978,Master,4,8
15719.965284727643,348,51,52882.860840248206,121286.49501423689,Bachelor,3,3
66214.73699542916,309,70,41256.98920043277,155463.88856184916,Bachelor,1,1
66903.12370183218,444,18,11495.193809294145,72476.47751962862,Bachelor,5,4
13855.205580462181,688,67,45860.66896042865,141527.06280663807,Some College,5,4
18073.316423982593,546,19,5480.709890661872,97347.61834444737,High School,2,3
64339.05177020482,605,34,89147.3305176802,103852.8974339109,Some College,3,1
78026.20484126286,841,63,19018.842144448357,81306.15627122184,PhD,5,10
81271.31333410312,482,25,22806.109597503375,188194.32291404303,PhD,0,5
64633.18639137334,551,22,68681.82964719039,89209.16482784216,Master,0,2
66855.11079808306,804,35,63458.038284201866,44568.932673714095,Bachelor,2,10
17336.129605672242,675,50,80989.91817214836,115055.7551041019,Bachelor,0,1
16484.2222684254,801,40,13265.705459342615,51509.188833062675,Some College,0,1
39106.16437048446,337,62,64349.7488221351,168827.51537396433,PhD,0,7
50314.68820293826,607,48,97633.18123064013,42909.61580178712,High School,0,9
53175.96041822506,841,56,39148.69452637183,181447.9570834532,Master,3,10
28713.127994638467,536,56,90517.87325825541,115226.8696287039,High School,2,4
81504.52486889497,646,46,34357.862770867454,103232.57598203409,Master,5,10
82933.08681169715,735,72,65516.69556790616,126081.78002389095,Some College,4,3
82692.9162932334,418,38,88492.95300793061,178809.3624126956,High School,5,10
93898.49151675771,362,31,46220.41610332509,132655.4485383745,Some College,2,7
93340.76291792412,339,53,3546.9845276012934,36307.011449638034,Some College,0,10
34227.95098175284,659,66,15336.347434527297,179578.5420053949,High School,1,10
77631.52989171496,328,65,53206.452964445736,146664.36927853673,PhD,4,6
18251.1953240789,837,20,2930.456666045067,93358.64466655212,PhD,3,2
81677.43769485941,559,22,19575.36451036881,93467.5304046195,Some College,4,6
49799.40504858857,602,44,86172.66621604719,86342.15461896267,Master,5,10
89211.88143783079,728,18,65452.34812993903,126879.2571008676,Master,4,3
73980.14536173355,692,31,10970.956450879843,155017.29461371552,Bachelor,0,10
21640.529664432095,374,36,22132.431999036362,178706.45783612685,Master,1,10
50213.29678951365,788,22,68080.62507905328,121859.97876052695,High School,1,3
58168.461959901695,609,34,67329.82882733416,158545.31467816315,Bachelor,0,8
84651.63310081733,735,21,61038.568182452924,196723.60321889818,Master,4,7
7540.233015579449,511,30,14134.618616515992,118224.97520479276,Bachelor,5,3
59593.847615963685,346,23,399.29717850309964,172325.71971197482,Master,5,3
95344.22963141689,750,74,8000.8588428947205,77978.68211831688,High School,0,6
93406.42443367388,849,58,36619.86588155508,154276.05089765665,Master,0,9
95079.29966382701,673,48,78511.06587289309,57380.42340704079,High School,2,10
33113.65749761601,446,42,79583.6762539444,59812.51931832465,Some College,1,6
19779.8710105217,784,55,38871.29590658298,199335.8942163962,Bachelor,1,9
67368.32659305353,618,43,34034.67187400212,101217.09737919459,Bachelor,5,3
88015.11210627528,392,20,13624.624151827935,195706.2962585295,Master,3,1
99409.67853484231,588,18,38514.69316613742,73233.92425915555,Some College,4,7
72811.18583904752,419,71,81664.05887715939,107570.97331242978,Some College,2,1
41658.96435187374,767,58,65461.485439621014,126619.14854621275,Master,0,8
29132.602115517173,301,45,7550.185857858538,33883.565934973085,Master,1,5
79884.90163091637,570,34,86563.67596733448,198581.68375610118,PhD,4,7
60919.05346082782,505,44,6240.934723414115,149620.99357177917,Some College,0,7
93239.47666079545,314,45,79857.91296315362,85635.33003728786,PhD,3,1
87388.61257756715,406,34,52068.212716233465,147518.36442637607,PhD,5,2
18551.011285906254,446,56,43622.027782770645,27709.6686209863,Some College,2,1
78441.93961930569,839,46,51563.06624658874,120341.98034150829,PhD,1,10
52166.56100522295,346,57,8787.08046682103,140300.4984174417,PhD,4,2
16089.42961028927,566,28,67558.14292437157,198988.62071406867,PhD,1,10
11850.861956231825,554,22,26297.377365489938,126989.10160649377,Master,1,1
97752.71370164244,833,39,1033.0643680685037,67623.40872837888,Bachelor,4,4
21520.09758882844,515,71,99106.00525999878,101860.43982946496,Master,2,9
17629.32371138426,681,40,82101.65159988451,44653.274611227695,Bachelor,2,8
96029.65754716247,339,30,20495.5269225524,142966.6508203172,High School,4,6
35331.81754392788,761,69,65396.013833462996,145506.34381599113,PhD,1,3
76625.92596443706,847,59,30861.433679988924,79571.07753199899,PhD,3,3
79807.90649448075,825,28,36687.98578538978,153851.43538513075,High School,5,9
8532.276961440895,696,67,96823.0688951635,66071.08337423841,Some College,2,1
41576.40679104018,666,44,48878.83904001233,57525.211345541495,PhD,4,7
32925.83133786425,418,21,33484.43238716572,98524.89135158736,High School,0,5
44974.34084339253,648,48,63730.335575533856,101137.61460671366,PhD,0,4
83029.30063069885,301,78,25046.01238151929,27683.030844486617,Some College,5,1
31157.14063616974,343,32,43902.577277789955,165223.94115281472,PhD,2,10
33803.40540755714,595,51,63201.79573825024,36496.27131456477,Bachelor,2,6
87248.47253046995,686,25,64882.77735524042,38142.74896566739,High School,3,2
43420.631001928035,443,70,54112.72773310243,98655.63721413401,Bachelor,3,2
77971.947816456,798,21,67929.80753354126,138735.58422427095,Some College,5,5
53064.93288632461,710,55,18222.262241467302,104966.51582302693,Some College,3,3
86255.5194851897,455,53,76190.03754971948,129665.10728002718,Bachelor,3,2
97387.2448687498,726,20,29236.23767225313,113081.40174394833,Bachelor,3,7
55087.90234417972,675,73,51379.25560105291,110727.5510757311,Some College,5,9
93277.68705476774,639,58,8265.103564550513,68867.08394705015,Master,1,1
71343.19357124875,824,37,76654.55496535487,101027.43922458863,PhD,0,7
79287.74725312824,757,50,72225.74223127382,128398.22679851681,Bachelor,1,9
63667.95589709334,475,29,50962.0737966659,195317.65939531065,High School,2,6
30146.047264608493,330,35,66575.11305923022,82363.95164310321,PhD,3,4
58490.21089692776,532,27,37429.370154403594,90759.39897812366,High School,3,4
53113.401616644165,345,70,40405.65475698448,61733.74485716279,PhD,0,1
68475.8375563038,571,43,20826.999252807887,36428.22022654847,High School,0,5
95942.52476802362,830,59,71540.1000254242,186092.25796853044,PhD,5,5
52652.23793566138,581,57,44116.95612697904,105613.15814919316,Some College,4,2
18937.309011891117,819,30,12642.28027258658,139498.2090504319,PhD,0,10
91285.81725967622,310,77,14809.17355621878,84436.35356746387,High School,4,4
48990.5882663871,557,67,7967.825698283337,179838.81908257527,Some College,4,5
95259.10124799621,457,51,62053.96646509092,152629.28221470953,Bachelor,3,10
78498.03750263383,656,65,15273.307518560187,48779.40955520683,Master,3,4
74172.35954631692,360,26,62327.46605651106,23843.74173909652,Bachelor,0,6
85358.69437770647,718,80,77143.9040911693,133457.53620576955,Master,1,5
20804.99779357627,488,63,0.249573763433375,27973.731911822204,Bachelor,4,3
36117.77739270828,307,28,96009.32115428367,52865.940936584324,Some College,3,6
81237.17224187021,657,43,76784.29246310654,161641.07196079905,High School,2,2
44257.79290138339,555,42,85097.7220637948,63355.48298060958,Bachelor,1,2
6575.943094164946,455,48,20211.10118321999,156473.38292699022,PhD,4,3
29120.340059089638,772,26,14480.572436864048,101391.76093209062,Bachelor,3,7
49916.93903870758,356,19,90579.2560191136,188553.9754770943,Some College,3,3
21311.274680757713,348,69,64634.18457175494,75338.91728694958,PhD,0,6
96571.6231126674,359,43,42439.91227262297,187296.37462725307,Some College,1,6
59268.82144689442,832,71,51002.0106614762,178216.9297673394,High School,1,3
11815.233473062632,489,61,68163.84961511377,81682.6175272023,Bachelor,0,3
29106.3538605395,320,77,44358.92737808016,25478.828674647597,Bachelor,2,10
13537.397072970933,536,34,7020.903128559586,68105.27080992196,Bachelor,4,9
79674.91469299381,653,60,10106.777285567869,174983.2607214514,Bachelor,1,1
7300.281663591618,351,32,37841.458282426785,21723.35535846389,Some College,0,3
60204.52127790408,526,24,30029.568998162526,124007.36102475332,PhD,1,5
1379.8992016994182,485,26,95582.02843203384,136359.57153308962,PhD,3,3
42245.9960003693,508,69,80755.5175259908,32955.55820781001,Bachelor,2,3
74002.55088396493,653,76,55421.204116989866,43118.065567617145,Bachelor,0,4
28806.578793817316,577,80,31062.744437880017,28343.247318785652,Master,3,2
95308.40629785773,313,25,41957.08882932022,198794.3421804955,PhD,1,8
25234.578253952848,677,22,86408.00300795201,67877.66830878532,Master,3,7
64499.48443802493,769,33,75787.83130806062,129162.8248904837,Master,3,1
78057.33059509563,323,56,81856.11666070102,53600.711370024466,Some College,3,5
79367.66499079576,569,66,68449.21786157398,86235.10368914783,High School,5,4
94922.9095279362,360,46,65992.80460301372,174579.65525287652,Bachelor,4,1
90594.09672704455,609,74,94054.26254741507,73690.7125664108,Master,5,2
46936.45200951598,689,40,57116.099077468905,32793.386353353984,Some College,4,4
2337.3813878659394,623,44,562.7905734396421,75951.64611408536,Some College,0,6
41224.680620494124,375,55,49787.85297948728,165759.20042129606,Bachelor,2,5
16264.83897595154,741,49,17666.578499225026,58682.62053477614,Bachelor,2,7
76504.28974959624,334,76,39702.717687526136,163926.90313810742,High School,2,7
29830.316610916616,680,41,5344.488115504909,30603.834427498194,Master,5,1
29072.380882976686,778,47,34188.744647737316,61674.388887299,Some College,1,10
90227.4605434966,645,34,55951.32037909748,90289.74836043314,PhD,5,6
32013.597212771896,740,29,68119.15749830398,88010.59668147196,High School,1,1
39865.080263271775,821,36,90709.33241868901,41884.1592247086,Master,2,7
71725.29723889955,819,72,79840.91725563837,95279.09195577154,Master,0,4
28396.45430259525,417,46,47825.09888665958,20100.602993236,Some College,0,4
55105.00461267482,506,63,36464.577338758376,158095.74992518566,Bachelor,1,2
83753.50624689808,738,30,57804.749806385866,100181.76941845546,High School,2,7
40138.796832782034,396,23,27417.881314922422,61691.03928451221,PhD,1,7
49622.489035943414,580,56,46451.811202015015,123996.14006327896,High School,2,5
58724.71106150014,434,26,11560.268153899922,61270.58290507919,Bachelor,1,4
77880.0551342616,553,27,95563.71086506205,52446.81248322249,Bachelor,2,9
78488.9028521687,635,35,71940.58904278868,198508.16809287353,Master,5,5
55122.54303049775,305,69,39701.5878009694,199497.019420127,Master,3,7
57904.012822481025,584,66,73414.43248198232,163663.0567121521,Bachelor,3,10
96480.10131685447,485,55,10121.656834648486,56252.38351992275,Bachelor,3,4
90831.72660850499,419,61,40625.53871453806,124778.42386896617,Bachelor,1,4
18094.17666947964,667,70,20723.656136878933,121439.52038689931,Master,2,6
39490.581444897434,558,27,92323.73003282076,87241.62107419952,High School,1,4
96240.96921878793,749,45,40898.41311376396,193327.59444106507,Master,3,7
61414.70098188221,782,43,21854.76070931719,93513.74195169013,High School,0,5
5087.0283664743,544,62,84631.0361209965,94925.11862077018,Master,3,4
13924.082429602697,465,41,3251.0971986942195,72070.91018805321,PhD,3,6
7049.981654686613,796,32,36907.41983738196,172630.42867989812,Some College,3,10
50224.4885993149,794,80,39391.40526307714,43268.450820104365,Bachelor,3,10
79462.03854708507,435,58,94526.10548886642,195057.33651880897,High School,5,3
85220.94828749105,729,48,45850.27344595627,42304.01372302283,Some College,1,4
47794.11592421126,840,48,65725.63274994341,109261.3655228552,Master,2,5
10426.840695797271,719,66,71861.64458582358,120635.66893685533,PhD,3,8
76573.57574020753,578,53,77987.07972584815,159606.25710632154,Some College,5,10
81643.4293772723,681,73,83558.52116954912,85936.32769566202,Some College,4,4
64058.2405386518,694,61,18883.138178736546,90760.98468533777,Some College,5,9
86228.75394171859,472,76,40382.61582206682,169478.0279097948,Bachelor,5,1
43348.83910415446,591,37,2168.541083495068,39079.03484386386,High School,0,2
93938.47639701959,661,38,55011.46543723643,147532.99620145123,Bachelor,4,9
76016.61919364808,701,51,87307.65428640119,161781.75234534885,PhD,1,3
56626.13096181846,320,68,91962.92611469116,32004.71870134252,Master,2,9
84991.8321900084,355,72,20001.221708690664,25989.702996043226,Some College,2,7
66960.23803477963,826,48,19131.76430836745,91420.0617150783,Some College,3,3
56844.03382838039,708,62,26552.969627833732,31506.766956017393,Master,3,1
77000.8852041172,345,38,2287.5546899215115,79926.2527799372,Bachelor,2,1
12748.475098365878,452,60,50979.71131707208,171667.7214756096,Bachelor,2,7
64637.53187866289,788,36,30897.27054444178,167962.5555397629,Master,1,5
24640.180862430432,724,40,84282.02906987813,68721.8953082842,Master,1,2
32168.570640788257,357,71,28691.648154303904,145453.35163440352,High School,0,1
41873.34488824234,757,52,1017.1651037495955,152823.7324438976,PhD,5,4
29464.09853507239,454,24,67224.67099323805,63192.55442994576,Some College,5,2
79171.48353730381,793,73,79596.32586732492,57097.00564750085,Bachelor,5,6
37583.539999555964,451,38,35800.83511101698,141715.40090968955,PhD,4,9
17318.472331486024,322,62,59492.16718707743,21616.39980547782,Master,1,4
2826.6499222565735,596,18,9237.541425120877,156335.61798210617,PhD,1,1
91399.22328583803,425,78,98027.08041046663,77950.47369370922,Master,2,5
62036.055414482,352,32,7106.638690894862,191034.93625037832,High School,3,3
22031.39268560496,555,36,36397.756415481585,23387.114009902885,Bachelor,2,1
76133.37100450347,415,58,29956.81485863737,23797.57033561543,Bachelor,5,6
91231.69732089556,373,79,67853.60732850553,140472.0163914123,PhD,0,10
73183.32950324731,816,58,84836.45450355488,80779.64721989931,PhD,1,10
48338.67536645824,693,36,60830.79713922397,33957.902493193404,Bachelor,2,6
16170.01330091807,583,64,58029.29548772729,103009.78185858486,Bachelor,1,7
14806.073289379025,600,19,30240.749257971132,170595.51898878856,Bachelor,5,2
80561.37968441435,473,57,70283.91289621248,60967.26779823391,Some College,3,9
68451.64984773863,382,19,80491.20215440306,74231.87829364516,High School,2,2
85404.84204350629,360,59,6279.999425498406,21738.63050831903,Master,5,7
53120.375769335296,691,57,73185.36815971593,30485.1323128252,Master,5,10
68871.929512739,690,66,94915.9723307155,160707.77687468595,Master,1,6
19299.11841782441,405,49,7500.253255636524,104671.141155003,Bachelor,1,4
54018.68889973093,547,73,46494.02150788526,32796.39120477163,High School,5,8
23077.625849105778,324,68,91275.37053941505,76848.65523206542,PhD,0,5
44380.826602520676,498,79,73123.06075899227,41400.595694987685,Some College,3,7
6470.311595550978,758,35,13227.166921471478,110658.91364990467,Some College,1,7
33124.82489962598,429,30,6894.667310855718,184766.8941044388,High School,3,10
13670.030206043111,420,50,2695.3503396867086,80518.89967202264,Some College,1,8
7295.529671930841,387,22,84730.44875947962,145737.54367558818,Some College,2,8
44893.58022309001,529,73,56473.99221708035,101792.44062042843,Master,0,6
88708.31915291298,644,29,81145.52977548345,104834.1640445159,High School,4,7
43446.70907451919,567,59,61329.887095564714,103958.60989239012,Some College,2,2
86596.76753332895,554,32,25012.308223917124,187353.22567809102,PhD,4,5
11393.60259074186,528,67,93284.29338461393,194631.45042545785,Some College,0,7
93220.93642976106,578,50,71259.91566522543,188612.43725899202,High School,5,2
80616.02689193284,809,80,9889.882634048741,131640.81082681642,Bachelor,2,6
37456.55271856878,529,48,99880.81670262599,199960.29544426966,Some College,1,10
20017.753501632065,371,69,79568.16586954056,36489.81249068279,Bachelor,5,1
65946.23958130306,400,57,94768.19323760242,197796.6232346261,Some College,4,6
72014.59663027791,306,68,1248.73201729252,56647.92647987719,Some College,4,6
99537.63457426129,765,49,7216.128172636627,191046.4234288016,Some College,0,9
52439.59534200838,630,59,12080.208303531215,67834.10593360986,Bachelor,2,6
87998.57545501267,583,63,7229.940239342214,126965.51669372235,Bachelor,2,4
20301.891592706612,629,75,15765.861010223081,136821.93319213536,High School,5,6
46013.18555798566,508,22,59775.15509430249,108108.64080094363,Bachelor,1,5
34075.78949226032,677,41,82785.48372447722,22619.52744452077,Bachelor,5,10
73072.71479424607,324,46,51896.014713616714,34386.521637817525,High School,1,4
68170.79436401436,553,39,85528.99606467654,131233.7645447695,Bachelor,4,4
85884.77601259266,507,31,94986.33652547235,132904.01757991634,Bachelor,1,8
7780.08676384249,346,43,50411.595189408945,119319.3112570892,Some College,0,10
15209.077995001922,418,66,16431.150293398012,40979.709044822805,Some College,4,1
64033.74677951349,645,21,46556.228461540624,163329.75182749532,PhD,5,9
68248.27099011255,498,51,24452.009165632382,167063.77012784843,Master,0,9
45213.86389469246,453,41,15476.374123416326,58294.8538717528,Some College,4,9
72821.56061118777,385,59,98369.16947066427,56633.98422490082,Bachelor,0,7
81307.24516693041,628,53,35641.9603393101,169702.41577271032,Some College,1,10
74566.6227675295,585,59,84067.61544379605,52913.8116588333,PhD,1,8
55771.15440887242,670,37,32472.502290061733,104575.6930827545,High School,0,8
52309.728750496106,524,25,32427.299323079806,151324.3043717515,Bachelor,5,9
57485.137946020026,302,75,99282.34406184338,106256.40224817951,High School,1,10
95147.46471388289,319,18,60587.57664394759,196295.34460712454,Master,3,6
19938.158728285885,368,71,11216.664775652707,80768.07756838262,Some College,1,7
78754.11602013125,779,57,4148.168269376384,99826.31278464943,Bachelor,5,2
21020.490735917178,476,52,47724.54416193765,22747.976619996683,Some College,0,9
46351.43226452943,335,41,78338.02320252596,70377.71635707674,Master,4,5
70278.91419092815,448,19,46390.61571581684,186822.9807312662,PhD,2,2
14400.684375821247,500,76,53916.07358166324,152411.62301604677,High School,5,7
73893.59210932614,436,27,32467.01077871306,135110.61209199223,PhD,2,2
70269.7054063886,389,72,25799.145872805362,129125.23236073217,PhD,5,6
81201.2647437227,826,73,85865.93676427272,186917.2223190028,Bachelor,1,8
89711.6750031959,543,30,45221.973891322865,26963.169712537478,High School,0,5
55906.23389686806,738,24,66021.2969317592,155449.70731730317,PhD,2,8
11056.122210316213,347,71,11127.640212787594,184135.44334620552,Bachelor,1,5
96061.63318132017,800,72,7791.893278245987,107497.8121856171,PhD,3,1
8654.284792770544,782,29,86884.41993415951,73123.78867416731,PhD,5,4
42498.93966304007,507,63,21667.982453311386,119606.30043693635,Master,3,5
42967.341711098576,639,80,67995.31727115532,129640.23485676484,Some College,2,9
54832.2656259459,414,70,27048.469900836757,58108.5423313585,Some College,1,7
43589.86970657061,604,53,49534.61454070681,178985.68164340415,High School,4,1
56859.39756638366,809,75,84640.7618906011,144647.91083448724,High School,2,3
2370.794169794797,438,48,19916.99268193625,69591.23210047212,PhD,3,4
10683.47978104508,461,75,18192.892179847662,160187.55004481052,High School,5,3
6766.718764973698,573,37,85801.99933636941,184109.92639170878,Some College,3,7
16286.075411847456,826,27,63658.70751167325,48443.73865447669,Master,1,8
84880.5001361976,460,43,16354.845382124116,152323.40112966616,PhD,1,5
98859.29740741958,420,74,15429.76145651287,93526.75278983655,Some College,0,1
49969.838109882425,562,65,62247.65830133561,187597.06016639958,Master,5,7
74165.12485439541,778,67,6028.372884559707,195384.11502476412,Some College,5,10
70441.75997597557,789,54,98986.28355675159,21406.778657699477,Master,1,7
30608.585311699295,369,74,43013.945550326534,106549.55882543263,High School,4,4
16683.75136594994,580,28,89738.98762174111,33333.58646930336,PhD,4,10
43954.292396557044,701,24,55591.62182567701,54929.395510462055,High School,3,8
67234.51572749013,444,73,14228.704592238173,127043.5077154145,Some College,3,3
62591.77436669668,555,31,48150.89747384012,68046.8713807723,Some College,4,4
26371.333318328725,774,70,44090.6572243706,111717.37053561577,PhD,4,10
11223.94511726742,462,73,36555.57596731732,185349.07615919784,Master,4,10
50381.42915018241,640,53,52749.892492113395,178783.42342180017,PhD,4,2
91415.95205827427,760,21,3841.773951378735,170611.90048111705,High School,5,9
63566.18743608334,785,65,2444.786269029686,125633.59719400352,PhD,0,8
58530.11349018977,305,43,14772.378196768266,105906.74491563835,High School,3,2
34356.444849502856,527,67,81105.49482344846,82526.63378454227,PhD,3,7
38575.527490110406,633,76,8831.256996150505,91244.76952870809,PhD,1,10
87579.07961380914,665,28,52073.96283927319,136888.39897656516,Some College,3,9
49753.4792815564,333,57,3066.6768727357185,62223.315913581086,High School,0,1
17814.96644845622,753,37,69452.52555705674,65118.942621027265,Some College,4,2
85829.5932699854,773,43,57808.94513454253,40200.27014622335,Some College,0,1
58709.94306696846,425,45,23575.573114012284,129549.66109127914,Master,2,4
58094.94802461,709,34,4688.544749060608,33254.35660395109,PhD,3,1
63293.39504787617,561,21,59690.45172013455,127578.79092286045,Bachelor,3,7
71117.61816719033,780,48,85718.61008605249,89819.55439720361,PhD,3,3
62551.92300559549,802,80,87409.2673942122,178898.127603347,PhD,5,1
26583.259961309148,719,21,27441.46565202904,85075.85702878442,Some College,1,2
61051.288196582136,691,38,38145.19086149879,97644.48014092195,Bachelor,4,7
16510.76532694233,530,72,65713.77513269726,122950.11093917045,PhD,3,10
72466.58615032968,705,40,53723.18718687199,75551.7484223395,Master,5,10
65989.66863096104,561,61,62812.69791080978,81676.04188185262,Some College,3,9
61406.30752559894,628,44,73260.75094133058,123033.10218166355,High School,4,7
59362.00077641656,406,76,103.68831729798967,103087.45800521951,Master,2,10
54679.23172635204,607,65,85915.99868914246,179078.36112677862,PhD,2,2
54127.62359244578,783,24,5943.270230622399,134708.32909516583,High School,5,6
68067.06055846962,845,77,79423.69630648212,160988.11729790078,High School,0,10
64945.30041694425,442,38,13726.467165615164,159642.65794350972,High School,1,7
1155.207172238092,587,70,46200.418856406366,169464.7558571266,High School,1,2
81099.99402990563,729,27,47432.20471183399,88940.71592862383,PhD,4,2
8032.398980762065,790,28,93848.58603630822,64221.27226113927,Master,4,3
28825.372730271643,427,72,85365.33527179578,55503.60338398305,High School,1,6
58308.98735617026,790,63,41233.33252997034,129965.80407692268,PhD,5,3
24255.150618607444,309,24,34397.00958799654,76329.28118341058,Bachelor,4,7
99145.59672233177,559,67,37129.43425568541,100923.52499870879,High School,1,6
50550.70397442272,747,49,68162.98146057765,21099.228771447233,Master,3,2
71994.14473208738,834,69,99923.04774244042,140721.13542490132,High School,0,8
86548.04333394028,385,30,285.4969450085232,138685.71637059553,PhD,4,5
15863.209164703725,808,55,38823.60337654735,94885.96218157148,High School,1,8
88439.20885507883,844,21,69554.80105826654,143653.37535966036,High School,5,8
25435.831766858035,426,66,561.8062645731615,39783.339491829596,Master,5,10
67168.52284513252,431,48,93692.2883597883,91196.77004443771,Some College,0,9
25742.967957091627,806,37,97510.58928276847,33916.091994190545,Master,2,10
54738.579390792795,549,47,18337.201505818022,168840.943816244,High School,2,4
98626.36016427436,717,50,25054.67451900071,76251.87763892826,Master,0,9
38824.334765992484,601,35,53643.71439335946,194528.16383784977,Master,4,4
39107.3563655184,329,53,93974.99788416385,66738.7737701172,PhD,2,7
84631.88363400355,361,71,29074.31504895285,103943.84898297096,PhD,5,1
81282.08364666793,850,18,17116.353304167755,160223.02252097664,Bachelor,3,8
84407.63639527395,641,74,58676.52345876426,199860.54463590586,Master,5,3
45410.72702139335,692,23,62526.95726579799,104592.90904516674,Some College,0,3
73197.5769354995,472,18,56830.42975336593,119009.45377120294,High School,0,8
8367.800977853276,329,43,12581.866997036184,31410.6001495288,High School,1,7
52586.62109252791,663,51,10479.908994840647,79680.6600968564,Bachelor,4,1
73819.79154423198,736,42,28615.389605990305,53088.58956313721,Some College,4,8
42240.256630654265,505,73,72033.4911046621,189453.34498141665,Bachelor,5,4
10708.513124707373,488,42,6424.242994203067,108050.20275759907,Some College,4,8
36018.38382928089,623,32,14660.503386759494,20433.152362214703,Some College,0,3
9328.803490184475,539,78,35731.967463907924,127106.30517953006,Master,1,10
42961.23682030893,324,19,55575.279903715214,144759.96336335666,Bachelor,0,5
75322.8644248975,345,25,29109.341202084448,20361.553297187853,PhD,0,10
86366.96643575274,323,42,61433.95410836976,113709.95047277652,High School,2,10
6302.683965871441,470,78,46348.70407625334,93802.35035201286,Bachelor,3,4
49303.32023577491,360,61,58488.736058342336,100533.08917314316,High School,5,8
39053.96093028803,366,35,31896.18467281573,87009.12057090292,High School,2,8
32166.079850292266,345,43,47907.80790717053,143721.3097611113,Master,2,5
28327.022177534254,419,20,81363.67446595719,38292.41167406299,Bachelor,2,6
15658.580733288025,704,46,24792.970671827676,22522.253014494472,Bachelor,3,6
22005.758273940788,480,26,60046.39061676471,131349.9117656683,High School,4,1
16362.849669418716,723,70,16454.092032387834,48708.22767238431,PhD,0,6
97381.67024900377,339,73,87191.79175035532,71183.14392704968,PhD,0,7
76357.632176582,764,51,25549.702844995838,30959.53258511724,PhD,5,10
89470.2597977337,395,50,78435.13915386003,44805.09629666501,PhD,1,6
31398.489588871947,849,22,45760.883822237985,189425.4749783084,High School,5,1
27826.27368694805,394,80,82965.21630709754,68270.8518263247,Some College,1,10
14571.313958481636,646,58,36448.57994053138,105350.08813372787,High School,0,1
81579.46139348109,601,31,87545.89617195491,32493.848388071485,High School,5,2
20964.889868446702,505,19,50343.42810319887,50820.40346331986,Bachelor,2,7
27518.708636521038,782,36,22216.56136587866,183975.14388447514,High School,4,7
62930.067583104275,399,36,42750.87915271479,39566.421173400595,Master,2,1
91442.96649422344,520,54,20601.90432474599,170815.41860985794,Some College,3,6
96187.62664518796,644,40,45546.367620892626,32024.727112989895,Bachelor,0,7
72530.80936493538,847,42,99300.69693671583,143865.9140355997,Some College,1,1
41354.103202114304,792,43,89423.78483191744,112005.67379388935,High School,5,8
25281.70206254614,845,67,35685.567234357404,39254.61196673654,Bachelor,3,2
29441.567763056017,314,18,73294.35864566985,179554.0642296849,Master,3,9
85136.37073208514,457,64,16577.437992839717,157190.48305313953,Some College,2,3
73182.8983553877,529,25,81074.17004351706,29197.420018546225,Some College,1,8
61619.88883718724,632,74,18134.109110955975,58396.0152328542,Some College,5,8
29986.115603659982,603,49,50415.494366490995,40949.33298650502,Bachelor,1,2
33497.27204824682,417,63,33769.35045638216,52728.26872599292,High School,0,1
23944.727107573526,474,19,55637.7199234865,25966.262653322825,Some College,4,10
74146.01535465052,673,67,86802.08437390707,87184.66249703398,Bachelor,2,8
71974.05662573336,374,20,39661.18948059091,174718.5090429303,Bachelor,2,3
23461.761501656365,412,28,82538.62477089063,23834.581678923347,PhD,4,9
59973.4747069336,456,79,560.2183685869954,44896.67702065227,PhD,0,9
28023.137799379358,784,46,62732.42835636197,156718.74206371373,High School,1,3
73126.27509252589,588,47,33625.078957667254,130220.7924897606,Bachelor,4,7
57194.37131550467,513,62,38641.01873823343,55281.08654904865,Some College,3,10
6282.431686386695,385,47,50386.344674861684,53606.16584866214,High School,4,5
57727.98773831537,475,36,2782.000780099847,179097.54179967017,PhD,3,3
86237.86443296791,682,30,21012.729274591056,101260.90549056657,Bachelor,1,2
33274.216114720286,700,21,84660.98244147406,87623.98498861094,PhD,4,6
58632.90442033817,527,75,12663.963401518075,26958.30934265737,Some College,3,1
51761.99892590256,515,35,85404.57035412354,83421.29491187108,Master,0,7
69609.26742654937,766,79,62173.32245506686,154294.24743694806,PhD,1,9
40628.91785239663,505,61,30992.547369376043,88702.9566915761,High School,0,7
60288.01528059873,315,72,98526.62141382364,196852.77312539925,High School,1,5
60178.94108737521,408,75,5395.54707659039,139212.61006828927,Master,4,10
3108.876505537771,457,72,83209.29046928283,54276.199964454085,High School,4,10
37735.50504791786,601,32,8.344981551500208,29485.022277237043,Bachelor,5,3
35985.19330266272,849,43,80078.25061783913,180260.2517324578,Master,3,1
77358.02582167582,307,60,59222.74733257993,160599.47035098835,Master,5,9
56376.64059299549,422,63,74621.275126916,108378.06137294159,PhD,5,2
37653.11961083037,540,21,30950.31970011758,53476.56852742772,PhD,0,5
32646.497752197283,521,27,80849.55383401702,115699.2731017376,PhD,1,4
79017.13198407937,817,44,15171.175746863575,72817.7675915969,PhD,3,1
72947.50052556007,481,65,21851.065764007206,106870.58478536521,Master,2,4
48739.98485195321,565,46,18308.194736850757,157014.8405835333,Bachelor,1,3
33717.55597945298,432,31,51004.325414375606,126344.66359785078,Master,3,1
80561.74212156326,580,78,85440.70541966175,182288.84113420878,Bachelor,1,7
98445.00938048447,767,49,37428.345842497736,31133.517619738344,Master,1,4
87835.00444993521,405,30,47584.001939015034,46390.74774624695,High School,2,6
33642.35853974264,488,23,94046.45712540028,134051.5852291527,High School,2,1
37853.43052833955,582,23,55818.507670428495,36244.29417479159,Bachelor,3,9
98353.54483020773,323,26,59637.08460793095,108263.10121126175,High School,4,7
27368.702009479013,366,66,5340.66519828742,174989.79355045286,High School,2,4
98211.47078213331,556,48,37867.83245284745,171514.71430568479,Master,5,5
38553.15711025703,770,36,1525.6184200837408,194629.85480117568,PhD,3,1
54989.341066472916,727,56,14312.198395393982,114076.73987193735,PhD,5,7
43324.20671360915,502,64,52962.911514628584,50357.18274416909,Bachelor,5,10
72276.86700739327,528,23,70294.0199326128,39043.47152011549,Some College,0,8
17474.685957690486,722,49,24110.139886675985,130900.33572314231,PhD,5,1
20627.97617963619,674,57,81823.46765055059,189426.8819443257,PhD,3,2
81280.62814579309,818,42,40299.93889249255,73026.52092638222,Bachelor,2,3
40548.30855853783,336,55,67089.69031208796,48987.99957553891,Some College,5,10
29224.20931016978,771,60,91079.0691125857,28076.83437762568,Some College,3,7
65304.66210012728,656,29,13225.963738912094,116273.89695810544,PhD,4,6
90908.91387437447,830,39,85139.81833959752,118555.03697524263,High School,3,6
29906.717667792815,368,64,25486.452204405952,74842.8577691992,Some College,2,4
97219.90460587598,400,32,23293.46074360028,38296.264974950274,Master,3,4
96760.13847380257,579,69,31841.561830879305,170677.51763170664,PhD,1,8
82739.98119633297,490,35,92266.68681169019,77135.94046547744,Master,3,3
5913.232980537804,826,77,56587.656113903184,42832.92849840354,High School,4,2
6271.08238134905,475,32,13074.986249820442,60503.49388102869,Master,5,10
75581.57018569349,637,52,75176.99059475913,80260.28803162937,PhD,2,6
82675.14956955443,714,31,21119.68702061675,171792.6002852097,High School,4,3
73857.30454903132,611,75,22195.51581247584,115425.6850161245,High School,0,9
39959.10431105095,578,77,6505.6328080981275,179038.39120092403,PhD,4,3
78319.10796916972,405,71,75440.11615779296,160039.49806107164,PhD,0,3
99427.32418479759,728,29,36801.56293961316,163089.277235173,Bachelor,4,2
90949.91445538466,621,29,57539.320670395675,96527.86255428473,Bachelor,5,3
59106.29936261395,544,65,3133.807239571529,129267.88375713892,Some College,0,2
70750.90466083605,464,64,78423.12504275565,22162.0808059835,PhD,4,2
58038.641846113554,647,58,26558.06914797235,150542.22770802665,High School,5,2
2264.8129807386035,799,30,47484.14414360534,42903.297755665386,Bachelor,4,4
14403.896853413353,320,31,77313.92090760106,22475.092993011818,Some College,3,5
44638.68107407683,829,65,16892.961767056237,179904.34060254396,Bachelor,1,6
66556.19319338816,546,55,4472.093654858456,150070.55212822114,PhD,1,6
37519.25030746291,826,25,97266.11039232745,58847.87477950777,PhD,3,7
9614.313957696077,413,70,24361.627203687985,40314.935293462586,High School,0,7
17853.381417909593,763,76,78094.97845601838,49199.40549749299,Some College,4,4
81373.79567521426,347,23,65622.95358728795,115707.16967201103,High School,2,3
40560.635355753264,563,75,9225.814008534284,185835.6533479643,PhD,5,3
51020.24791947016,482,76,82246.28784033885,52322.02349629988,Master,3,3
20343.64838139843,479,40,77646.42118427489,95920.3567667841,PhD,0,1
73308.09974970981,845,52,37951.872581104,53584.33400686516,High School,4,7
22995.916733663697,629,74,77220.68014879654,180934.60907014305,Bachelor,0,10
8786.004118269917,836,78,88309.92831227537,61558.05531146932,Master,4,6
67819.20866387509,526,36,69010.84860996803,92921.19982291972,PhD,5,6
2431.145326221861,350,38,90639.68958274966,104946.37664792509,Master,2,10
84839.90059108539,303,72,53303.63870011878,140992.16759839852,PhD,2,3
35035.21243177175,458,18,12031.254435370463,196559.69561369444,PhD,2,8
68739.30331782441,734,29,92286.71098471388,128333.44260851787,Some College,1,7
49858.2048609109,377,71,42163.262140079474,96619.39470849236,High School,1,6
34203.797800464796,641,73,13995.038230658763,36837.64126076418,Some College,4,2
15138.447886778953,562,46,69867.58015593076,67700.00341431514,Some College,3,6
55182.997029871796,368,64,15850.721450153871,161396.4427648498,High School,0,3
18575.163067138557,564,73,23639.583944576036,118296.07996840986,High School,3,3
6901.383932220786,613,66,15698.952340933125,119915.83475034575,High School,3,9
15457.054697323823,519,69,90353.06752818222,96611.65819988326,High School,4,3
85735.60376696815,317,19,20313.558444931125,187227.62711331772,PhD,5,5
74651.21909149505,436,79,49848.729360845646,106801.31889070621,Bachelor,4,7
33396.78656315366,803,39,60698.26001996359,120354.87962095722,High School,5,10
8261.801576130812,556,69,99035.97663826185,181992.99992861133,Master,2,2
53531.49241874933,763,46,8841.005052173612,162813.19525866053,Master,3,2
72500.28100381377,633,39,57609.22464846292,197314.72311221514,High School,4,7
81514.52725523764,825,31,16927.627274479717,125858.06600598223,Master,3,1
90302.63234038501,540,46,41761.39508297753,23711.997175586293,High School,4,4
38847.24924721182,426,32,53827.68307145766,198326.05154600713,PhD,1,3
94815.31793387819,616,41,44109.101436958874,183178.2812886326,High School,3,8
44557.74414591336,622,76,42955.18075042747,151693.36013273115,Master,5,4
1369.8042785514785,452,77,20203.467955748045,187040.0654879831,Some College,3,1
70657.15576254365,726,30,83354.15891544604,33647.333974220695,High School,4,10
11230.469968898158,708,58,70538.21932349812,82179.36219178909,High School,4,3
43422.979723049764,588,29,71161.7370356392,118627.88941839208,Master,0,2
63935.97548603638,717,38,40052.478213480055,128639.99001557441,PhD,3,8
34733.83780109128,374,30,1340.1194190524434,57099.91477170732,High School,5,6
15698.228650744395,404,42,85053.69735919462,121731.81136889437,Some College,4,5
53083.477582932166,556,80,28712.206075275193,155479.17451996464,Master,2,2
82005.48016064166,556,45,80673.99501207913,129844.4490905424,Bachelor,2,1
99473.62213970846,493,28,19366.45234222846,140617.03273864396,Bachelor,3,2
51895.66476737656,772,41,71699.5093208272,43150.0320614503,Bachelor,3,10
67063.49996214181,461,59,31431.891948458902,116587.13538996653,Bachelor,2,4
80966.70395262436,582,23,35980.24398056268,99495.66824794258,Bachelor,5,3
2112.134529179726,841,52,20850.703110685685,179567.55984920112,PhD,5,8
41163.83221006727,655,18,6438.388890643821,105860.79912631256,Some College,2,1
96725.39030608919,511,55,31702.889738037287,98746.86812769562,Some College,4,6
3851.806036576818,533,78,69385.39707253085,69958.99730594654,High School,2,5
52662.08564452429,688,50,31934.502390416976,184595.2660847138,Bachelor,3,3
2645.7475595209016,448,66,70060.28551268257,46303.146657813646,High School,2,7
26385.670482448048,491,73,96878.10422804621,167605.25519825722,Master,0,10
65145.95583839814,415,30,50936.45889964078,63620.21495191232,Master,4,7
84055.43744738732,529,67,37114.37576084284,192286.10782568093,High School,2,3
60833.67187081694,639,54,43483.45870286785,47172.19674614695,Bachelor,4,2
36480.156178987854,797,80,73582.44750590589,25765.63734910175,Bachelor,5,6
30668.533665046187,455,77,44975.91234599663,88143.5238649856,PhD,4,4
65594.62386222853,303,34,12408.984205614126,112463.7543342345,Master,2,1
37705.29963783788,669,78,14243.406073718146,171067.96856120834,PhD,1,7
42815.68921874214,748,49,96091.24700321426,64834.89662356381,Master,5,6
62626.547243327186,445,72,81630.10627470494,123114.99212297903,Master,4,5
72678.09789866512,319,36,94780.22265443053,35780.51487220497,PhD,1,9
97234.51593386674,570,71,92099.08195731291,133257.3322766716,Some College,3,1
22042.191011134913,321,42,16617.14507221085,123419.83065961204,High School,4,8
30185.757738827342,697,45,74867.05993346212,100806.78114347352,Bachelor,3,7
39882.58315916808,788,29,8347.542480204762,177476.57013027844,Master,2,10
14471.030427815622,525,36,80704.76428369353,163480.7913143808,Master,0,3
11749.924120981705,658,75,89202.00474423551,89729.92047800364,High School,3,6
68261.52210582708,541,19,84419.44241473892,75440.18461442496,Master,3,7
35575.75702188268,710,50,72489.6706028869,78409.70753898204,High School,1,3
94283.65360845608,422,76,70248.23988081465,195895.81290917296,Some College,4,5
85331.34208603109,359,48,3062.0994912537335,26923.55957108402,Some College,1,2
35249.46181714411,792,20,5613.956880596916,42079.18566304436,High School,3,7
58183.02624873473,639,39,86599.79502949693,120079.80587236426,Bachelor,3,6
7195.37705022285,371,46,86605.78619937174,198462.62901141983,Master,4,1
69656.00121970504,503,62,84568.70162962702,102098.32152609347,Master,4,6
42695.41552071104,833,47,47365.06204836326,34474.07250688785,PhD,3,7
27981.054177104405,664,71,33837.290623724744,104094.06830262681,PhD,5,7
33848.309782586126,491,50,53674.332359774555,31302.122696219125,Bachelor,5,9
8953.262967949926,390,53,54186.75046474286,43496.61127353094,Master,2,4
58612.19305019787,816,26,42335.38560474655,192577.7946508409,Bachelor,2,2
44382.89290337912,424,67,45190.222121536106,141544.88956823287,PhD,1,2
35950.089913054435,304,29,91819.30622294596,182546.18249642337,Master,4,6
78956.02701693795,347,51,87901.4065196076,75271.97079482225,PhD,4,7
2335.2947917449956,697,20,86254.72754793281,195005.28163352987,Master,1,5
2239.3364032772342,785,18,92998.96660798449,59710.41169977137,Master,1,8
26747.983959499114,597,26,75192.54952213242,151936.59739862243,High School,5,1
4291.48107158811,647,78,52534.6871867865,71578.86514901192,PhD,2,9
77362.19723800979,773,45,16592.97537592499,92353.84086575858,Master,4,2
25621.461213153187,763,68,51219.88320997413,57825.86572034423,High School,3,2
63042.1092225465,841,56,37035.48328237929,31863.123856765982,PhD,5,10
63575.78101132693,424,63,44159.89446485898,101299.35060479965,PhD,1,10
68493.09362510177,654,73,32888.62444191017,174428.27198265315,Bachelor,4,9
73439.58738933086,474,69,60421.8514860692,172161.2822379386,PhD,4,2
91861.81619373188,518,22,87118.37595157982,112962.68956480804,Some College,1,3
51355.08748642663,711,63,33794.14364055183,109293.17111948912,PhD,4,6
1782.9561229133637,724,42,78312.89658924204,83070.91767694723,High School,5,1
43623.13813063633,382,20,4398.528743646213,132193.65024393116,Bachelor,4,10
76920.4046949596,704,76,68178.00036387956,32262.49360567183,High School,2,4
69078.61278858673,833,42,52147.040945004184,196140.5950859445,Some College,4,3
14422.221345355816,365,41,81047.8048474512,144303.42549448242,Master,2,9
26769.488162839563,316,61,93019.03452691194,141626.04219784637,Some College,2,2
44884.99024613447,639,58,35184.58789589567,59764.86452035957,Master,2,3
11744.576113251207,369,58,42633.84782647003,161908.3656200877,Some College,1,3
40877.79589628342,467,39,22924.153704959204,186987.50033225978,Master,0,2
99166.84777439355,537,24,50270.54541625682,67148.82135999532,Bachelor,2,10
50048.084238955955,497,43,47826.78642787273,171908.19304215338,PhD,4,3
79555.82111326784,558,46,18641.096424818672,128066.65355178446,Master,3,7
78133.847737836,512,54,84061.003144871,33583.80687339024,Master,3,1
13764.208569846503,799,75,37975.03294473157,47725.611109120866,PhD,3,2
30103.37706920774,470,77,72909.48673695524,193721.73002269786,PhD,3,2
13805.475879353715,426,36,88391.40505810811,194720.5797089693,Bachelor,1,2
24042.40935922464,685,26,849.6112571917291,41499.20760810276,Master,0,7
4680.264175665008,710,36,33184.6042184217,134862.9333205255,Master,3,3
87149.69833111823,565,33,16455.470273647876,148529.39415257637,Some College,2,5
5991.40032690189,399,62,94768.11066928323,40642.73257667023,PhD,4,4
36478.85211445219,456,60,6950.633844868436,117646.07204142402,PhD,0,3
3884.6790386454704,426,55,13177.001135628929,40598.21890861936,Some College,1,6
8460.969858617224,846,57,55441.66811747536,102170.18734862516,PhD,1,7
5046.315876381137,637,42,2386.3037813000365,101584.14837232049,Bachelor,0,6
17318.248419599586,623,69,88546.32662217115,199245.51950514264,Master,4,1
82239.53252160079,429,53,63371.7270335445,137657.28084784374,Master,3,2
27277.403968054285,426,33,12461.706704518416,22170.239011781552,Bachelor,2,7
22906.496369188044,331,18,53268.8216286855,134406.69078540587,High School,3,4
36364.628686413955,770,24,46793.81387286465,177476.84494430444,Master,5,1
38501.98158230475,773,43,28500.344818324007,99851.9521227639,High School,0,10
31098.117962878267,601,69,13229.15293261545,168658.73969473035,Master,1,7
64040.069547857485,803,53,30524.38943990825,193878.3054821154,Some College,4,5
52289.417741524965,590,31,77406.72461051433,35458.1317380789,Bachelor,4,6
81325.68306666974,442,39,75052.35590983876,79667.7968408862,High School,1,4
4174.035107359445,470,60,84578.61509808393,43102.91881270494,Some College,5,9
66500.7252429105,726,69,18.20695568014452,25518.991649038242,Some College,1,4
18293.34578632202,712,35,58272.14256618208,167083.68423956362,PhD,1,3
41479.544623928814,408,19,91234.47936994724,77265.05741900984,Master,5,1
77426.69403740553,693,54,39181.5331046654,22384.50388426688,Some College,3,10
26752.007968018755,314,26,59773.359401855785,109727.1011029792,Bachelor,1,3
29624.09485480858,441,77,39966.107768847345,128741.21965435173,Master,2,10
84123.27463956016,313,29,30078.052854523008,89809.57898159417,High School,4,4
54249.745705133224,499,61,35225.71065808619,156971.49353507737,Some College,1,6
45069.34649305444,632,79,95847.30964814866,198143.12778393461,Bachelor,5,9
70128.14369055694,779,71,59473.063989794195,117383.71298379291,Master,5,8
4469.886749429756,443,40,35559.38236177464,31567.1252405372,Some College,1,10
97291.23835013852,390,28,44250.587431232925,151789.42510435692,PhD,1,1
3553.1229201635006,419,19,23788.790440657336,191112.0832158613,PhD,2,10
38921.605375063955,811,65,25279.262487483713,109255.97910743878,Master,5,10
53823.46612344215,300,32,23083.301499321173,142571.2990451697,Bachelor,1,1
61948.04417853911,534,25,87562.42652265464,20772.78382528578,PhD,0,3
64829.95876925255,663,39,4191.085823317709,106054.42040486711,PhD,5,2
9483.801548750931,497,35,73220.19522536527,187572.83427817823,Some College,3,1
32009.486639323535,524,19,68971.14471999712,172960.1434244802,Some College,0,4
52386.82857047396,849,37,32993.36954132988,178447.98617939278,Some College,2,3
24088.294887585474,587,59,29447.983237102104,168049.58406955158,Some College,4,1
59135.26831831406,801,54,98927.82012216044,109269.69742514442,Bachelor,0,7
99824.30490425696,773,79,31375.02165151471,156872.40150468197,Some College,5,3
2482.4721837701973,498,50,61897.7379653639,120251.72989387548,Some College,2,3
3032.143456922081,408,47,33636.10429874251,108240.77234327771,Some College,3,9
25828.12771542057,354,45,2530.2592493841257,142002.49266041256,Some College,4,10
31732.01109169709,549,37,25678.865080584124,157690.73781765107,Some College,2,2
23722.386073234156,434,35,38435.68618233999,172650.65986092386,Some College,0,7
52756.71138968342,368,56,89574.28063039196,154539.8174536474,High School,4,7
6028.132698236027,487,24,16937.067867427857,68718.6687136874,High School,3,10
37476.40691456555,453,80,98508.04693019387,173368.33792804446,Some College,0,6
26378.29206260484,477,73,49172.68940588072,146072.181312507,High School,2,6
86232.48801060091,797,63,17120.769735412567,193717.02738012912,Bachelor,0,7
50367.14565708034,533,75,34231.81984302387,90902.01611223276,Master,2,6
59030.55497423657,571,26,18092.961979792897,39749.02327069899,Some College,3,10
84893.60472663726,751,31,17587.536554992123,62910.77196862154,Bachelor,4,8
8589.245060044306,463,78,33180.61554935027,113230.09725438587,Master,5,6
42227.38538600741,521,53,3004.967895493227,146518.29568507907,High School,5,9
59824.77610993777,360,19,38868.205260046154,43594.71029943504,Master,1,3
32577.691025120566,509,21,95738.91749990049,36986.56510794537,PhD,0,1
35510.34344267151,601,39,94492.16572644141,73271.47535439339,Bachelor,4,1
44885.59780418384,488,20,4632.349017860937,65392.70931410676,Master,3,3
77140.22374205853,563,49,41550.388619208075,75688.18070275892,Bachelor,3,4
2861.7740987283382,844,21,44712.213783186984,132686.31440747844,Some College,5,6
57317.640555276324,741,44,27860.058100161754,163720.2547117931,High School,0,2
4438.325241573983,603,48,35339.31871019058,56687.35477910675,PhD,3,1
63254.135693943994,848,34,55415.01583973889,158561.94783905277,Bachelor,0,6
66556.88892032899,772,73,61923.40504141116,49831.10600864539,Bachelor,5,9
65029.064796334766,414,35,94530.55041367446,70638.56321664389,Master,1,3
82362.86521394385,551,18,10183.22910358147,138094.21792254774,Bachelor,1,1
70750.23589697701,715,75,63365.21058169916,184406.2653689663,Bachelor,4,1
59365.48074220886,626,34,40475.22778508887,198954.40733031312,Some College,4,10
51616.58538002615,381,25,18218.73191002561,181507.02104651227,Some College,5,5
29077.686060701304,699,52,90137.01019903633,32934.55062316408,Bachelor,1,8
24916.692849767252,337,73,13815.278309438772,132503.2975399752,Bachelor,3,3
48262.69972287266,576,71,21325.85563809367,73763.13729328106,Some College,2,1
65888.86470054268,526,66,36801.281541152086,124590.2301060397,Some College,4,3
78418.58917634691,589,58,52743.248157295566,150111.2140498149,PhD,2,10
52971.68129796348,360,70,80114.36051174902,194690.5344862511,Bachelor,5,6
29296.8652543074,676,27,96559.84278698938,195275.1189123324,Some College,2,5
33881.85764191278,540,30,92212.74740548567,77314.73110954379,Master,3,1
41090.39396794402,737,30,87217.273991567,106790.63694290827,Bachelor,3,9
97017.35562116835,629,32,58588.07756612586,103922.62578160658,Bachelor,4,8
5123.016513718707,331,27,88148.6603881502,138801.9459009064,High School,5,10
57388.61136721176,400,53,40809.17945930455,185689.53739553987,Some College,5,3
6666.122644006527,740,20,12055.691084487775,47143.8693737667,Some College,1,4
95030.79752725337,767,19,12041.379945989527,148393.70990275184,Some College,3,8
39121.246923005914,355,43,4118.505532533923,141509.7909420674,High School,0,4
42148.26497106166,429,55,49163.66933890699,150146.6773971491,High School,1,10
82228.6406744562,312,63,8184.145090467576,86229.13334752893,High School,5,2
15851.471248309987,436,34,83422.58632121855,157345.8126499919,Some College,2,7
16360.387882901014,645,23,5715.166676042527,170106.31704766193,Some College,3,9
7141.378522345699,690,30,57139.65350760323,145970.11982576683,High School,2,10
37827.84136460534,504,24,94990.65140421908,27998.998450503976,High School,2,8
42776.91086944207,775,31,85455.62709826656,171337.65390456127,Some College,0,9
67604.72502754,684,45,45716.617526134774,115273.89721883813,High School,5,7
14740.063860215667,612,18,77069.97782147776,199741.47460200376,High School,0,7
82091.9564170463,663,40,27233.44495313249,65494.03655291777,Master,2,4
61391.05182045854,395,40,63944.519018420644,77108.83512278428,PhD,1,3
35883.57494796994,308,43,57957.46246240888,45856.004449515836,PhD,3,5
8395.837537478023,490,39,33141.436177935444,125620.75889280663,Master,0,2
83389.00061069698,515,65,69754.95220621527,175998.3585157854,High School,4,1
13336.759320060972,341,34,29905.571760929804,56752.21639686735,Master,0,6
55324.54166686387,480,48,62690.32351775796,86682.76177350584,PhD,3,3
56870.28953338841,519,44,94709.96410715864,150477.73628566795,High School,3,10
88499.49292669352,474,37,82515.08778223537,160737.070424962,High School,2,3
55035.451299623135,845,61,95847.26484094252,110830.07440020502,Bachelor,5,4
42722.502424236416,729,46,33435.92154892036,172281.8902918239,PhD,0,9
41733.59047703319,575,80,33668.48885614898,45411.84973303966,Master,3,2
16123.279549979707,807,47,99794.70925294876,86259.39805852945,High School,4,10
87594.24479006024,316,19,29420.828481148565,192348.07563745874,Some College,0,2
31357.609850865112,367,75,25342.148178339452,160538.68396140067,Bachelor,5,5
54687.44140761113,312,40,26344.62778099921,171764.64782028325,Master,3,6
69644.75530790038,374,55,7599.0053543962595,191712.47626637103,Master,1,6
1013.2598540465806,704,23,28160.3946071446,197629.15075591972,Bachelor,5,8
83398.91175679008,552,63,55834.5203947742,44731.20849852691,Bachelor,3,1
22969.846867141106,572,34,26081.70059772118,84741.21275287837,Bachelor,3,10
64627.22151917492,326,27,36793.82270727048,161948.6924489466,PhD,2,4
32956.54348546697,705,52,1537.5068140218607,51434.46060630531,Master,5,3
87954.07640502836,462,53,71294.71236986629,186724.34998925,Some College,3,5
77415.23439076894,329,77,97891.58634627638,93609.60879940618,Bachelor,1,4
41989.95529249109,618,50,56344.42891783631,93612.35139448816,PhD,4,9
99869.99784655106,457,54,93908.21371512236,49198.36019973212,High School,2,6
34060.06151802828,387,29,52659.42552498143,149785.7535894346,High School,0,2
52404.75924277292,383,67,14926.962902416086,79961.22764229507,Bachelor,0,9
59888.31256941176,354,58,67694.89286929114,169883.91774122277,Some College,3,3
83590.2819757483,310,75,33430.39277734046,170811.81878762698,Bachelor,5,10
44203.36826253056,776,71,92155.35118833634,81398.33114750576,High School,0,5
87802.0238803618,385,66,49975.35792342502,103233.81418138689,Bachelor,1,8
87401.14695475705,358,52,34240.71052893776,98561.20472658615,High School,3,2
63615.304380753056,619,53,82816.01749751088,132973.44316324097,Some College,0,3
19323.23305356203,619,27,96139.35280528337,87003.91426110295,Bachelor,0,2
76144.5936199887,444,64,74093.12540562109,54469.92994252546,High School,1,2
25982.78779663384,723,30,66319.04469321914,47326.73782942818,Some College,2,4
66758.84078122019,377,22,64080.49330070808,65673.08273463344,Bachelor,1,6
55456.3707708565,764,63,50192.95940443585,70553.55559899744,Bachelor,5,10
35924.224249305626,528,25,505.1950798572902,190609.89173745492,Some College,1,6
15126.235435988618,320,44,22143.996926019805,28546.962240011202,Master,1,3
98580.71849187778,754,47,55893.26842730417,161727.21793974403,PhD,1,9
57790.41178083685,577,44,30854.21287603155,153236.3648053856,Some College,0,1
30618.082347255186,583,63,80018.79898989656,146608.5917793963,Some College,1,8
25092.550704705245,592,20,88574.05399450222,93321.27817350156,Some College,2,9
29138.994311452094,801,21,37485.664745379465,146508.04538954643,Bachelor,4,1
79877.81304953313,550,30,42745.123281620334,31136.990240722753,PhD,3,9
46242.18412363407,761,26,23196.815583189567,99470.30219632956,Some College,1,9
88482.62272214681,326,22,8495.719649097633,78179.57667487983,Some College,5,4
62815.98936336425,611,25,25750.879228196,150385.34297326894,Master,0,9
68849.29166806575,792,50,88448.80704236176,157716.5547854474,Some College,0,7
46504.34119355624,323,31,61504.06010070687,189660.27224877384,PhD,0,1
33737.62488921488,447,71,19312.723178232416,121825.2704412624,High School,4,2
94597.21412370031,563,70,36935.08895902893,190691.9712590691,Master,0,1
98261.78603866391,744,35,50919.83252633925,117501.3782926509,Some College,2,4
17718.711461250885,815,38,90176.2433385929,190922.63374659728,Bachelor,3,9
78166.75361549472,447,77,75536.52485857786,197968.83858727853,Master,4,10
65381.989484325655,839,71,74398.79614848139,162823.84163203827,High School,4,8
18612.840887775073,514,55,81451.08961953531,29978.659507532124,High School,1,10
33961.54045936248,835,36,20669.068468044916,91166.3075765011,High School,2,10
32380.498596040256,485,26,15694.294068547231,196018.40680908918,Master,4,8
17512.88251538111,480,21,16848.99424825712,98988.56658568225,Some College,0,3
92852.69578161235,675,47,23939.895909879484,60323.15948352368,Some College,0,6
27151.93106636509,718,66,59378.86425681602,77432.16179019425,Master,5,4
25482.32563385288,829,59,68883.62301416372,101005.38713294553,PhD,0,10
44643.708655772985,328,65,83341.80888478736,84016.10879599121,Some College,4,1
91671.85909371178,621,22,95307.09513256475,166235.56041980427,Master,1,2
5169.956195009163,723,66,80815.15303118443,76722.33429318792,PhD,5,9
2089.759597018287,418,78,9253.25720069713,111220.9281353538,Master,1,5
62058.273482195305,824,79,54877.12880919573,140070.84116838756,Some College,2,7
9498.109993781822,527,61,29487.688327705906,44301.78292266477,Master,5,5
55487.664546155,301,37,9467.640030064706,192610.72455657308,High School,0,10
91768.97758275094,772,64,53656.079295548785,70443.63507269352,PhD,4,9
23297.627025270423,489,45,86857.76016328669,31660.45152833391,Bachelor,0,2
77560.79417921284,783,26,61101.544510087515,123474.32924198158,Bachelor,2,9
87976.21627650314,629,28,673.7431570274732,29477.840301129952,PhD,1,10
39951.73682466383,373,39,605.4830707245884,120723.87968255176,PhD,5,1
25030.125774274467,714,42,56858.77188291397,134393.45340843996,PhD,0,5
36069.41818717072,698,39,96893.043518781,164326.28600960496,Bachelor,2,7
88319.93711029165,531,25,88869.97257364551,197775.4543334555,Bachelor,5,6
3935.9896286701846,792,25,4185.420905935089,177464.83243957214,Some College,4,4
47309.27041797957,777,27,24193.561894510873,187385.99031752156,Bachelor,4,3
84254.86780584506,785,73,67127.2230021188,91924.90294540628,Some College,4,5
27004.42852826461,645,32,19654.13242434626,101171.5675401492,PhD,0,7
91014.46872177986,381,35,21456.7927176742,171849.51808023854,Some College,0,9
19972.61924837582,849,52,2100.4910048905813,156981.36407585145,High School,3,10
83449.15467214206,365,21,24556.29140739203,184303.8878540188,High School,2,9
33157.716480380885,844,62,70376.07392569081,77596.05888015985,High School,3,10
67869.20215173143,307,25,28847.350461205435,180120.45392742712,PhD,4,1
94738.69543453015,544,35,93439.54774105905,178501.51412817676,Master,0,9
28769.359183772096,627,71,1886.5285276571608,81139.39434856668,Master,4,5
31784.779345025214,423,32,2624.2539787850515,20531.610749598996,PhD,2,3
96021.63952874475,589,68,93758.70132646286,158417.23839362728,Bachelor,2,4
23585.733929440517,547,39,99050.44117850432,198307.64311640293,Some College,2,1
92320.59302032395,752,36,74002.33545213215,162766.35487324404,Master,4,4
45215.710462177354,556,71,78279.60712759313,117634.31008096256,Bachelor,3,2
10692.50586997429,577,74,65704.75520009345,64914.32607060197,PhD,5,6
15246.09137281439,755,73,71022.0118947105,65311.91571164949,Bachelor,5,10
15561.3701064082,325,67,60891.08996413653,111806.02615134502,PhD,4,9
25710.39292619029,621,70,37543.839746199425,127992.81094946114,Bachelor,5,9
4440.917750223862,374,79,19255.64729289949,187318.02904898388,Bachelor,1,6
24734.479627623037,818,65,46574.69792438075,128267.19085090341,High School,4,2
66926.9976810731,371,32,99517.32173998175,185070.31561925818,Bachelor,4,3
80259.93526851527,789,29,63635.46305460606,185357.06246249928,PhD,3,10
35641.33419844495,387,26,23569.068024471773,151282.4075069415,High School,4,10
55921.04409754771,494,71,86385.2466640308,136046.83504795886,High School,5,1
12136.365940052754,361,32,76041.84107039968,150166.3369984988,High School,5,1
83579.673931298,626,64,71531.21618780351,108526.32993810787,Master,2,6
93031.3272927905,639,20,99713.81790241049,194238.05924357421,Some College,4,2
7880.735745266531,725,80,49468.83217275942,170970.11930531234,Bachelor,4,7
7969.491059704686,338,30,82355.44258281364,124717.54948730029,High School,3,3
7939.179779307484,538,58,52491.52434935244,114762.70538415186,PhD,3,1
69038.83556282189,672,77,34778.11679097733,122642.65441497917,Master,3,1
21487.983870665907,558,39,78934.27372047173,114539.0535706586,PhD,5,4
30790.153912728987,388,31,6128.527247744364,87947.5553346327,PhD,4,8
33059.45358417148,579,35,38932.34244911976,94139.01176944275,PhD,2,8
86794.33616703188,600,79,1868.5188820685482,68450.57404047332,PhD,5,9
90394.04235228397,711,80,80604.65984290726,156991.0860657116,High School,4,2
28739.046975343153,429,26,4093.7762054880754,134381.9288552644,High School,0,10
16786.68332311811,639,27,7964.300969872884,174791.84391933426,Master,5,3
82634.7528177094,519,18,31186.478024519558,143430.1726792396,PhD,1,2
20070.758786552382,463,40,71118.8001563063,119358.22862106765,PhD,5,3
60370.7983961092,309,21,18755.875037963844,120960.60927224613,Some College,3,10
78659.59976848296,522,79,98401.69831668682,100550.40214065448,Some College,4,5
26482.205854174383,758,18,9812.035698765276,90733.13408478798,Bachelor,5,1
89995.46805166951,833,21,47767.65211193753,138108.13271398033,Some College,4,7
40569.24810221353,787,27,65839.66978610582,161532.61049258237,Master,0,5
61092.29448803381,423,45,12580.738846358585,80576.37609344244,High School,2,8
22618.657574972254,609,56,31894.943285706122,95455.24798806518,Bachelor,2,8
11959.877107483142,631,54,55362.205587448756,70848.86369453465,Some College,2,1
17992.52195948286,428,62,66192.25943255803,43227.058546845496,Bachelor,5,9
27319.735209027316,648,28,16004.000011177544,175776.34659698076,PhD,5,2
1027.1162129879408,410,76,98414.68335141354,67288.10310619618,PhD,2,5
60338.34075521454,355,24,95204.9653775608,75272.29910406754,Bachelor,1,10
85831.65943671193,540,44,10725.303858710666,161602.8523974005,PhD,2,10
49678.58392222314,694,65,56207.10311436251,77858.66658189172,High School,0,7
66657.48050153063,332,41,3956.3377947952727,32677.946451069813,Some College,4,5
75037.80980474676,846,52,92390.47969419138,95892.84954227979,Master,2,4
79850.43336497936,612,42,23266.01952826096,166220.27525363365,Master,0,8
71918.67417771151,517,34,18591.97166026041,20243.81864490432,PhD,5,5
83119.27754607162,582,36,24922.901806765087,123298.71851859885,Master,0,6
25163.9940850941,831,61,46895.84230499795,180175.1669896728,Some College,0,2
78032.64274198732,824,64,18024.02598075935,162105.36547298238,Some College,3,5
58642.328602166715,476,69,57136.7283219773,122960.41278980592,PhD,0,7
88823.5979282268,813,29,61990.961691699966,73781.15021073044,Master,3,3
76525.90206116249,309,75,51722.10842349626,69156.85639750112,Some College,2,9
72726.55794184306,568,25,49823.54309318348,194365.14912087386,Bachelor,1,6
60746.83113419404,304,58,82723.1177891994,184628.8686143591,High School,0,10
50265.3873881711,763,33,23328.211226867323,139442.7007293753,PhD,4,7
69414.46929617815,575,24,30329.927050672934,107640.28046788834,Master,1,7
73717.95104870269,541,62,61004.704877910335,63137.676436100315,Bachelor,4,2
28271.68435601244,525,70,61978.7385377131,183256.6889798834,Master,5,5
64508.72814096766,383,47,90183.40268987072,109659.5546453105,PhD,1,2
58554.46508641843,432,37,57378.30730114971,63073.32487029449,Bachelor,4,7
98949.30953791268,302,54,61307.695266949726,179431.15798956208,High School,2,3
84232.76856336273,563,59,75734.41792035186,100291.63570001064,Master,1,2
66286.24252524738,713,24,37771.43169963303,175639.04065212264,Master,4,4
69652.95072919845,380,78,21414.456243467128,53915.95325530617,Bachelor,0,2
77007.9527212771,562,60,76235.93323741277,33279.210955792354,Bachelor,5,7
73392.7767882356,812,53,30824.27492186679,100962.04563156785,High School,1,2
95145.78916205224,812,25,23647.02023513937,145966.38813645885,Bachelor,5,5
19808.446584865615,358,44,67084.0139362434,172560.9599072081,High School,5,8
55377.12182221512,789,38,9808.11128790189,197380.62848825747,Master,2,10
61588.769907555536,394,41,12360.973280684118,64695.36649460838,High School,4,3
12205.037620583149,807,79,56291.18510932618,138540.92062616226,Master,5,9
42766.210097658055,789,46,74475.38429880877,101220.30849686977,Bachelor,1,1
60419.862952940224,786,22,94133.01702941691,137532.04561611422,Master,0,3
71273.46566937369,518,62,17148.92122728039,174791.395680526,High School,4,2
89632.7995120506,727,52,71699.00316024192,23118.084268675302,High School,1,5
81125.12437244647,521,67,78327.34951829849,180083.9721553879,Master,4,6
19945.22873601666,458,66,62047.434708325854,126221.62556965153,High School,4,4
19178.159276369224,602,64,83405.47771455304,99934.62280951535,Some College,2,10
91458.53760247375,337,24,37193.02961173282,24493.494074543156,Some College,0,6
39934.270501223604,557,47,97805.19628684368,29583.607281202716,Master,4,2
99513.1316696718,661,75,15038.65427757587,135065.20650928112,High School,5,5
43152.40007181241,725,42,99283.60332575855,28521.99039646347,Bachelor,5,4
69799.10570850008,664,74,78560.44603078396,126606.51870230096,PhD,2,3
49612.09190224967,614,44,75280.26606201135,109384.88759248823,Some College,4,5
9725.725833381966,499,18,43828.16776419725,65335.911759385206,High School,4,6
97306.44153708634,326,19,47775.554734974525,136940.629431134,Some College,3,2
81219.87110866158,354,34,3218.9744823778124,147876.2660061675,Some College,0,2
82927.83881006502,394,23,86014.7470918126,125354.30301718901,PhD,3,3
14461.94047891528,597,51,34469.04127266918,39084.65502762702,High School,2,8
54490.41929818031,415,71,29959.438861166233,112012.62530369431,Master,2,5
49825.41087244566,547,52,54624.167234344124,45813.42056143516,PhD,3,7
55027.769637265745,306,72,90898.02469038512,110175.97433051668,Bachelor,1,6
99634.02289821728,716,71,98248.91013557643,49714.812193674574,Master,0,2
23806.3357630725,433,41,82347.17543918517,22234.15367855545,Bachelor,3,8
21295.39887461268,774,37,53475.19621190017,39802.45552131526,PhD,5,7
59279.27394593915,598,75,48899.24657266313,195365.4482502263,PhD,3,9
63408.299835153695,771,44,69767.04098274425,50710.56488701106,Bachelor,0,8
54418.941182052506,752,34,94568.73737151177,30897.114435986852,Master,4,10
8226.34892579704,454,21,25876.971543629035,124728.25063437234,Bachelor,0,8
23531.516156925896,770,63,70608.27212104404,126044.65551109774,High School,2,5
88785.65510370593,427,39,39102.27923528108,100974.25463053257,PhD,0,8
81400.79815577275,310,65,89985.86657478257,59194.77448584625,High School,3,1
67977.84032486628,417,42,35607.74235030592,158833.82269827885,Master,3,7
97337.32633247355,521,58,6673.578906705191,164695.8012378798,PhD,4,3
9083.912291867124,622,73,63035.5208993382,78290.48917430735,Master,5,7
53636.97157918332,476,63,64820.965963258095,134896.49682936908,Bachelor,1,5
37702.8087842011,694,43,68775.25432451293,102583.91066951817,High School,3,3
50780.14419820502,371,25,99038.66271948176,73045.02232339756,Some College,3,2
18092.907449995753,442,49,98641.1831787137,144989.95280202472,Master,0,6
69547.98540772128,850,23,19679.12861797866,73209.64377975481,Master,2,5
26448.705338958174,826,23,99319.76996741189,143781.21306836093,Some College,2,8
81811.12267829046,776,55,88635.20283334905,161750.9800542225,High School,1,9
74254.57504427564,411,38,99740.22357564108,172221.1120768833,Bachelor,3,5
25546.653057750496,510,44,47336.336348021716,162805.89033168965,Some College,5,9
57330.27051179016,824,20,15013.71683143531,68361.79897660979,High School,1,9
62440.00717976698,809,77,87961.32944140412,123373.78096245337,Bachelor,5,1
60974.386478601045,516,53,2613.751433671152,44035.75431126925,High School,3,1
6975.806295350213,467,76,39652.58967563846,57540.812437896864,PhD,5,10
34002.709865580575,736,47,37951.05063888383,156123.0102422273,Bachelor,5,3
31470.798490049066,364,58,5623.0675159452685,92042.05797652352,High School,5,7
63905.350865322966,340,55,75635.18908797881,124068.54804134135,Bachelor,3,6
81591.1739854066,787,54,34550.04067792707,90055.8187187912,Master,0,7
26688.66163546936,485,19,12835.987564065887,54670.80459473855,Master,4,10
35617.07953937267,465,63,59308.83075598943,160239.85390310816,Some College,0,9
1740.8349027577428,553,25,81423.47995306861,98354.11691997584,Bachelor,4,4
12882.49837262199,572,33,98525.35148654252,56776.714311792355,Master,1,6
75336.71096697943,500,57,85206.56694497907,75574.56345762077,Master,5,9
30774.785693743732,512,18,90426.46261588302,94892.38498574967,Master,2,4
20223.475341301153,373,77,16533.901696524557,126031.01749909378,High School,4,9
60638.61662352473,768,29,26777.14201457493,195433.37943076415,Some College,4,10
46581.97595417612,759,26,80147.00605561215,34584.52175028426,Bachelor,1,7
48036.44820640113,798,77,9416.569432569633,142350.64028742255,High School,4,5
42566.04692163218,616,51,74294.26464798092,28870.891468455353,Some College,3,5
40748.816682731645,457,35,23677.450334599405,120074.26574026931,Some College,2,5
32164.329189601285,300,24,12594.137332870148,182642.83385409258,PhD,1,10
58920.60352412738,845,24,93601.33886467906,48471.05896094294,PhD,2,8
36548.69039230087,512,78,61595.321546772306,135880.37045338453,Some College,4,9
83639.34026680203,533,76,34163.452076111855,176557.77738663554,Some College,5,2
10302.732342764082,705,23,46138.14973122159,145916.28077613458,Some College,5,2
88558.36734198059,821,78,74486.87258568215,92970.61018737213,Bachelor,4,8
67180.39215356344,396,29,86588.3615745145,37646.17459494661,Bachelor,3,2
35159.66358263533,479,52,66136.35970202785,56757.18870299077,Bachelor,1,4
12982.071387094646,829,65,61991.400911071134,74488.73440907494,High School,3,8
33403.995476636934,763,71,72086.40178918473,66078.6536793493,High School,3,10
73210.83933675708,745,70,29161.396772674554,60332.66936447554,Some College,1,9
47132.952650152525,594,56,94210.51524639793,21083.110716013958,Master,1,9
38165.618675667,341,70,80132.1243338975,59076.10750740314,Master,3,5
97105.45910724592,824,39,48699.77285287829,174113.6338239058,High School,4,3
25409.070157981292,364,50,77571.59326975781,148965.88718039583,High School,5,3
42294.10222754755,662,70,6394.408037974397,148929.10307635774,Master,0,1
69991.72305685306,666,35,60005.49542227761,46556.63276969691,Master,4,6
